<?xml version="1.0" encoding="utf-8"?>
<root xmlns:j="http://www.it.ojp.gov/jxdm/3.0.2">
  <y0:Warrant xmlns:y0="http://www.it.ojp.gov/jxdm/3.0.2" xmlns:xsi="http://www.w3.org/2001/XMLSchema-instance">
    <y0:ActivityID>
      <y0:ID>1501094</y0:ID>
    </y0:ActivityID>
    <y0:ActivityDate xsi:nil="true" />
    <y0:CourtOrderDesignatedSubject>
      <y0:PersonName>
        <y0:PersonGivenName>RXXXLL</y0:PersonGivenName>
        <y0:PersonMiddleName>L</y0:PersonMiddleName>
        <y0:PersonSurName>GRXXXXN</y0:PersonSurName>
      </y0:PersonName>
      <y0:Residence>
        <y0:LocationAddress>
          <y0:AddressFullText>1X9 LAKE ST S BELLINGHAM 98225  </y0:AddressFullText>
        </y0:LocationAddress>
      </y0:Residence>
      <y0:PersonBirthDate xsi:nil="true" />
    </y0:CourtOrderDesignatedSubject>
    <y0:CourtOrderIssuingCourt>
      <y0:OrganizationName>WHATCOM COUNTY SUPERIOR COURT</y0:OrganizationName>
      <y0:CourtName>WHATCOM COUNTY SUPERIOR COURT</y0:CourtName>
    </y0:CourtOrderIssuingCourt>
    <y0:CourtOrderIssuingJudicialOfficial>
      <y0:PersonName>
        <y0:PersonGivenName>
        </y0:PersonGivenName>
        <y0:PersonMiddleName>
        </y0:PersonMiddleName>
        <y0:PersonSurName>GROSS                                             </y0:PersonSurName>
      </y0:PersonName>
      <y0:Residence>
        <y0:LocationAddress>
          <y0:AddressFullText>
          </y0:AddressFullText>
        </y0:LocationAddress>
      </y0:Residence>
      <y0:PersonBirthDate>
      </y0:PersonBirthDate>
    </y0:CourtOrderIssuingJudicialOfficial>
    <y0:CourtOrderIssuingDate>2003-09-30</y0:CourtOrderIssuingDate>
    <y0:CourtOrderEnforcementAgency>
      <y0:OrganizationName xsi:nil="true" />
    </y0:CourtOrderEnforcementAgency>
    <y0:CourtOrderRequestReasonText>FAIL TO APPEAR</y0:CourtOrderRequestReasonText>
    <y0:CourtOrderRequestActor.Organization>
      <y0:OrganizationName>BELLINGHAM POLICE DEPARTMENT</y0:OrganizationName>
    </y0:CourtOrderRequestActor.Organization>
    <y0:CourtOrderServiceDate xsi:nil="true" />
    <y0:CourtOrderServiceReceivedDate>2003-10-02</y0:CourtOrderServiceReceivedDate>
    <y0:CourtOrderServiceOfficial.Enforcement>
      <y0:PersonName>
        <y0:PersonGivenName xsi:nil="true" />
        <y0:PersonMiddleName xsi:nil="true" />
        <y0:PersonSurName xsi:nil="true" />
      </y0:PersonName>
      <y0:Residence>
        <y0:LocationAddress>
          <y0:AddressFullText>
          </y0:AddressFullText>
        </y0:LocationAddress>
      </y0:Residence>
      <y0:PersonBirthDate>
      </y0:PersonBirthDate>
    </y0:CourtOrderServiceOfficial.Enforcement>
    <y0:CourtOrderStatus>
      <y0:StatusDescriptionText>ACTIVE</y0:StatusDescriptionText>
    </y0:CourtOrderStatus>
    <y0:CourtOrderSpecialInstructionText xsi:nil="true" />
    <y0:WarrantAppearanceBail>
      <y0:ActivityID>
        <y0:ID>1501094</y0:ID>
      </y0:ActivityID>
      <y0:ActivityDate xsi:nil="true" />
      <y0:BailSetAmount xsi:nil="true" />
      <y0:BailRequirementText>NO BAIL</y0:BailRequirementText>
    </y0:WarrantAppearanceBail>
    <y0:WarrantLevelText>FELONY WARRANT</y0:WarrantLevelText>
    <y0:WarrantProbableCauseText>0X10155X9</y0:WarrantProbableCauseText>
  </y0:Warrant>
</root>