<?xml version="1.0" encoding="UTF-8" ?> 
 <results xmlns="http://www.co.whatcom.wa.us/apps/wenet/schema/wenet/1" xmlns:xsi="http://www.w3.org/2001/XMLSchema-instance">
 <resultList>
 <result>
  <instanceURL>http://192.168.10.31/WenetService/sheriff/result?namecode=XXXXA00029&dataform=xml</instanceURL> 
  <instanceURI>http://192.168.10.31/WenetService/sheriff/result?namecode=XXXXA00029&dataform=xml</instanceURI> 
  <lastModified /> 
  <orgURI>http://co.whatcom.wa.us</orgURI> 
  <serviceURI>http://co.whatcom.wa.us/wenet/sheriff</serviceURI> 
  </result>
 <result>
  <instanceURL>http://192.168.10.31/WenetService/sheriff/result?namecode=XXXXC00015&dataform=xml</instanceURL> 
  <instanceURI>http://192.168.10.31/WenetService/sheriff/result?namecode=XXXXC00015&dataform=xml</instanceURI> 
  <lastModified /> 
  <orgURI>http://co.whatcom.wa.us</orgURI> 
  <serviceURI>http://co.whatcom.wa.us/wenet/sheriff</serviceURI> 
  </result>
 <result>
  <instanceURL>http://192.168.10.31/WenetService/sheriff/result?namecode=XXXXE00006&dataform=xml</instanceURL> 
  <instanceURI>http://192.168.10.31/WenetService/sheriff/result?namecode=XXXXE00006&dataform=xml</instanceURI> 
  <lastModified /> 
  <orgURI>http://co.whatcom.wa.us</orgURI> 
  <serviceURI>http://co.whatcom.wa.us/wenet/sheriff</serviceURI> 
  </result>
 <result>
  <instanceURL>http://192.168.10.31/WenetService/sheriff/result?namecode=XXXXF00003&dataform=xml</instanceURL> 
  <instanceURI>http://192.168.10.31/WenetService/sheriff/result?namecode=XXXXF00003&dataform=xml</instanceURI> 
  <lastModified /> 
  <orgURI>http://co.whatcom.wa.us</orgURI> 
  <serviceURI>http://co.whatcom.wa.us/wenet/sheriff</serviceURI> 
  </result>
 <result>
 
 
  <instanceURL>http://192.168.10.31/WenetService/sheriff/result?namecode=XXXXI00001&dataform=xml</instanceURL> 
  <instanceURI>http://192.168.10.31/WenetService/sheriff/result?namecode=XXXXI00001&dataform=xml</instanceURI> 
  <lastModified /> 
  <orgURI>http://co.whatcom.wa.us</orgURI> 
  <serviceURI>http://co.whatcom.wa.us/wenet/sheriff</serviceURI> 
  </result>
 <result>
  <instanceURL>http://192.168.10.31/WenetService/sheriff/result?namecode=XXXXJ00009&dataform=xml</instanceURL> 
  <instanceURI>http://192.168.10.31/WenetService/sheriff/result?namecode=XXXXJ00009&dataform=xml</instanceURI> 
  <lastModified /> 
  <orgURI>http://co.whatcom.wa.us</orgURI> 
  <serviceURI>http://co.whatcom.wa.us/wenet/sheriff</serviceURI> 
  </result>
  </resultList>
  <serviceURI>http://co.whatcom.wa.us/wenet/sheriff</serviceURI> 
  <URL>http://192.168.10.31/wenet/sheriff/query?q_name=oXXXn&q_address=&q_city=sumas&q_bday_mm1=&q_bday_dd1=&q_bday_ccyy1=&q_bday_mm2=&q_bday_dd2=&q_bday_ccyy2=&q_sex=F&q_height1f=&q_height1i=&q_height2f=&q_height2i=&q_weight1=&q_weight2=&q_race=&dataform=xml&submit=Submit</URL> 
  </results>