<?xml version="1.0" encoding="UTF-8"?>
<instance xmlns="http://www.co.whatcom.wa.us/apps/wenet/schema/wenet/1" xmlns:xsi="http://www.w3.org/2001/XMLSchema-instance" xsi:schemaLocation="http://www.co.whatcom.wa.us/apps/wenet/schema/wenet/1 ../wenet_schema_1-2-1.xsd ">
  <instanceElement>
 <j:Person xmlns:j="http://www.it.ojp.gov/jxdm/3.0.2" j:sourceIDText="OLSON J00009" j:commentText="WK-676-1978" >
 <j:PersonName>
  <j:PersonFullName>OXXXXN, JULIE A</j:PersonFullName> 
  </j:PersonName>
 <j:PersonAlternateName>
  <j:PersonFullName /> 
  </j:PersonAlternateName>
 <j:Residence>
 <j:LocationAddress>
 <j:LocationStreet>
  <j:StreetFullText>6XX2 XXXXXX PLACE</j:StreetFullText> 
  </j:LocationStreet>
  <j:LocationCityName>SUMAS</j:LocationCityName> 
  <j:LocationStateCode.fips5-2Alpha>WA</j:LocationStateCode.fips5-2Alpha> 
 <j:LocationPostalCodeID>
  <j:ID>98295</j:ID> 
  </j:LocationPostalCodeID>
  </j:LocationAddress>
  </j:Residence>
 <j:PrimaryContactInformation>
 <j:ContactTelephoneNumber>
  <j:TelephoneNumberFullID>360966XXXX</j:TelephoneNumberFullID> 
  </j:ContactTelephoneNumber>
 <j:ContactMobileTelephoneNumber>
  <j:TelephoneNumberFullID></j:TelephoneNumberFullID> 
  </j:ContactMobileTelephoneNumber>
 <j:ContactMailingAddress>
 <j:LocationStreet>
  <j:StreetFullText> </j:StreetFullText> 
  </j:LocationStreet>
  <j:LocationCityName> </j:LocationCityName> 
  <j:LocationStateCode.fips5-2Alpha> </j:LocationStateCode.fips5-2Alpha> 
 <j:LocationPostalCodeID>
  <j:ID> </j:ID> 
  </j:LocationPostalCodeID>
  <j:LocationCountryName> </j:LocationCountryName> 
  </j:ContactMailingAddress>
  </j:PrimaryContactInformation>
 <j:Employment>
  <j:EmploymentEmployerName>BHAM MUNI CT</j:EmploymentEmployerName> 
  <j:EmploymentOccupationText>BHAM MUNI CT</j:EmploymentOccupationText> 
  </j:Employment>
  <j:PersonBirthDate>19XX041X</j:PersonBirthDate> 
 <j:PersonBirthLocation>
  <j:LocationName /> 
  </j:PersonBirthLocation>
 <j:PersonAssignedIDDetails>
 <j:PersonSSNID>
  <j:ID>0</j:ID> 
  </j:PersonSSNID>
 <j:PersonDriverLicenseID>
  <j:ID>WXXXXJA4XXJL</j:ID> 
  <j:IDExpirationDate>199904</j:IDExpirationDate> 
  <j:IDJurisdictionCode>WA</j:IDJurisdictionCode> 
  </j:PersonDriverLicenseID>
 <j:PersonFBIID>
  <j:ID> </j:ID> 
  </j:PersonFBIID>
 <j:PersonStateID>
  <j:ID> </j:ID> 
  </j:PersonStateID>
 <j:PersonOtherID>
  <j:ID> </j:ID> 
  </j:PersonOtherID>
  <j:PersonRegisteredOffenderIndicator> </j:PersonRegisteredOffenderIndicator> 
  </j:PersonAssignedIDDetails>
 <j:PersonPhysicalDetails>
  <j:PersonHeightMeasure>502</j:PersonHeightMeasure> 
  <j:PersonWeightMeasure>170</j:PersonWeightMeasure> 
  <j:PersonEyeColorText>BLU</j:PersonEyeColorText> 
  <j:PersonHairColorText>BRO</j:PersonHairColorText> 
  <j:PersonSexCode>F</j:PersonSexCode> 
  <j:PersonRaceCode>W</j:PersonRaceCode> 
  <j:PersonSkinToneText /> 
  <j:PersonEyewearDescriptionText /> 
  <j:PersonHairFacialText /> 
  </j:PersonPhysicalDetails>
 <j:PersonSocialDetails>
  <j:PersonMaritalStatusText /> 
  </j:PersonSocialDetails>
 <j:PersonBiometricDetails>
 <j:PersonFingerGeometry>
  <j:BiometricValueText> </j:BiometricValueText> 
  </j:PersonFingerGeometry>
  </j:PersonBiometricDetails>
 <j:PersonUnspecifiedContact>
 <j:ContactTelephoneNumber>
  <j:TelephoneNumberFullID> </j:TelephoneNumberFullID> 
  </j:ContactTelephoneNumber>
  </j:PersonUnspecifiedContact>
 <j:PersonWorkContact>
 <j:ContactTelephoneNumber>
  <j:TelephoneNumberFullID> </j:TelephoneNumberFullID> 
  </j:ContactTelephoneNumber>
  </j:PersonWorkContact>
  </j:Person>  
  </instanceElement>
  <instanceURI>http://192.168.10.31/WenetService/sheriff/result?namecode=OLSON J00009</instanceURI>
  <orgURI>http://co.whatcom.wa.us</orgURI>
  <serviceURI>http://co.whatcom.wa.us/wenet/sheriff</serviceURI>
  <lastModified>2001-12-31T12:00:00</lastModified>
  <URL>http://192.168.10.31/WenetService/sheriff/result?namecode=OLSON J00009</URL>
</instance>
